<resource xmlns:xsi="http://www.w3.org/2001/XMLSchema-instance" xmlns="http://datacite.org/schema/kernel-4" xsi:schemaLocation="http://datacite.org/schema/kernel-4 http://schema.datacite.org/meta/kernel-4/metadata.xsd">
  <creators>
    <creator>
      <creatorName>Peter Sefton</creatorName>
      <nameIdentifier schemeURI="http://orcid.org" nameIdentifierScheme="ORCID">http://orcid.org/0000-0002-3545-944X</nameIdentifier>
    </creator>
  </creators>
  <identifier identifierType="DOI">10.5281/zenodo.1009240</identifier>
  <titles>
    <title>Sample dataset for DataCrate v0.1</title>
  </titles>
  <publisher>University of Technology Sydney</publisher>
  <publicationYear>2017</publicationYear>
  <resourceType resourceTypeGeneral="Dataset">DataCrate v0.1</resourceType>
</resource>
